{"cameraMode":{"drawMode":0,"name":"Shaded","section":"Shading Mode"},"sceneLighting":false,"audioPlay":false,"sceneViewState":{"showFog":true,"showMaterialUpdate":false,"showSkybox":true,"showFlares":true,"showImageEffects":true,"showParticleSystems":true},"in2DMode":false,"pivot":{"x":-0.1297156810760498,"y":5.462484836578369,"z":0.0021696090698242189},"rotation":{"x":-0.08120600134134293,"y":0.018534835427999498,"z":-0.001510227913968265,"w":-0.9965238571166992},"size":26.148448944091798,"orthographic":false}