{"cameraMode":{"drawMode":0,"name":"Shaded","section":"Shading Mode"},"sceneLighting":false,"audioPlay":false,"sceneViewState":{"showFog":true,"showMaterialUpdate":false,"showSkybox":true,"showFlares":true,"showImageEffects":true,"showParticleSystems":true},"in2DMode":false,"pivot":{"x":-0.1297156810760498,"y":5.462484836578369,"z":0.013400077819824219},"rotation":{"x":0.046214934438467029,"y":0.9534596800804138,"z":-0.19755788147449494,"w":0.22304655611515046},"size":26.124141693115236,"orthographic":false}