{"cameraMode":{"drawMode":0,"name":"Shaded","section":"Shading Mode"},"sceneLighting":false,"audioPlay":false,"sceneViewState":{"showFog":true,"showMaterialUpdate":false,"showSkybox":true,"showFlares":true,"showImageEffects":true,"showParticleSystems":true},"in2DMode":false,"pivot":{"x":-19.145917892456056,"y":-25.07581901550293,"z":43.26987075805664},"rotation":{"x":-0.21577878296375276,"y":0.16721832752227784,"z":-0.03753750026226044,"w":-0.9612848162651062},"size":124.75926971435547,"orthographic":false}