{"cameraMode":{"drawMode":0,"name":"Shaded","section":"Shading Mode"},"sceneLighting":true,"audioPlay":false,"sceneViewState":{"showFog":true,"showMaterialUpdate":false,"showSkybox":true,"showFlares":true,"showImageEffects":true,"showParticleSystems":true},"in2DMode":false,"pivot":{"x":1.65130615234375,"y":-6.3020734786987309,"z":0.10441527515649796},"rotation":{"x":-0.16846975684165955,"y":-0.077686607837677,"z":0.013320271857082844,"w":-0.9825504422187805},"size":65.38761901855469,"orthographic":false}