{"cameraMode":{"drawMode":0,"name":"Shaded","section":"Shading Mode"},"sceneLighting":false,"audioPlay":false,"sceneViewState":{"showFog":true,"showMaterialUpdate":false,"showSkybox":true,"showFlares":true,"showImageEffects":true,"showParticleSystems":true},"in2DMode":false,"pivot":{"x":-0.3659038543701172,"y":8.265610694885254,"z":0.3136606216430664},"rotation":{"x":0.19369997084140778,"y":-0.17902567982673646,"z":0.035976339131593707,"w":0.9639168977737427},"size":10.614155769348145,"orthographic":false}