{"cameraMode":{"drawMode":0,"name":"Shaded","section":"Shading Mode"},"sceneLighting":false,"audioPlay":false,"sceneViewState":{"showFog":true,"showMaterialUpdate":false,"showSkybox":true,"showFlares":true,"showImageEffects":true,"showParticleSystems":true},"in2DMode":false,"pivot":{"x":-2.5105419158935549,"y":8.721883773803711,"z":4.334402084350586},"rotation":{"x":0.02102668769657612,"y":0.9739307761192322,"z":-0.20179851353168488,"w":0.10145988315343857},"size":10.411502838134766,"orthographic":false}