{"cameraMode":{"drawMode":0,"name":"Shaded","section":"Shading Mode"},"sceneLighting":false,"audioPlay":false,"sceneViewState":{"showFog":true,"showMaterialUpdate":false,"showSkybox":true,"showFlares":true,"showImageEffects":true,"showParticleSystems":true},"in2DMode":false,"pivot":{"x":14.188117980957032,"y":4.919057846069336,"z":1.4027652740478516},"rotation":{"x":-0.014685182832181454,"y":-0.02463017776608467,"z":-0.0003646605182439089,"w":0.9995887279510498},"size":21.141281127929689,"orthographic":false}