{"cameraMode":{"drawMode":0,"name":"Shaded","section":"Shading Mode"},"sceneLighting":false,"audioPlay":false,"sceneViewState":{"showFog":true,"showMaterialUpdate":false,"showSkybox":true,"showFlares":true,"showImageEffects":true,"showParticleSystems":true},"in2DMode":false,"pivot":{"x":7.245670318603516,"y":7.418903350830078,"z":-2.4774227142333986},"rotation":{"x":-0.44954973459243777,"y":0.532873809337616,"z":-0.40493524074554446,"w":-0.5915894508361816},"size":30.440568923950197,"orthographic":false}