{"cameraMode":{"drawMode":0,"name":"Shaded","section":"Shading Mode"},"sceneLighting":false,"audioPlay":false,"sceneViewState":{"showFog":true,"showMaterialUpdate":false,"showSkybox":true,"showFlares":true,"showImageEffects":true,"showParticleSystems":true},"in2DMode":false,"pivot":{"x":-0.09078502655029297,"y":1.788461685180664,"z":2.069247245788574},"rotation":{"x":-0.4665975272655487,"y":-0.5148568749427795,"z":0.4035639464855194,"w":-0.5952691435813904},"size":17.174667358398439,"orthographic":false}