{"cameraMode":{"drawMode":0,"name":"Shaded","section":"Shading Mode"},"sceneLighting":false,"audioPlay":false,"sceneViewState":{"showFog":true,"showMaterialUpdate":false,"showSkybox":true,"showFlares":true,"showImageEffects":true,"showParticleSystems":true},"in2DMode":false,"pivot":{"x":-2.5105419158935549,"y":8.721883773803711,"z":4.334402084350586},"rotation":{"x":0.19697493314743043,"y":0.6914081573486328,"z":-0.2050497829914093,"w":0.6641612648963928},"size":10.411502838134766,"orthographic":false}