{"cameraMode":{"drawMode":0,"name":"Shaded","section":"Shading Mode"},"sceneLighting":false,"audioPlay":false,"sceneViewState":{"showFog":true,"showMaterialUpdate":false,"showSkybox":true,"showFlares":true,"showImageEffects":true,"showParticleSystems":true},"in2DMode":false,"pivot":{"x":-7.80048942565918,"y":4.5229949951171879,"z":-17.099998474121095},"rotation":{"x":-0.18150128424167634,"y":0.09104500710964203,"z":-0.01688084937632084,"w":-0.9790214896202087},"size":45.42327880859375,"orthographic":false}