{"cameraMode":{"drawMode":0,"name":"Shaded","section":"Shading Mode"},"sceneLighting":true,"audioPlay":false,"sceneViewState":{"showFog":true,"showMaterialUpdate":false,"showSkybox":true,"showFlares":true,"showImageEffects":true,"showParticleSystems":true},"in2DMode":false,"pivot":{"x":-8.108363151550293,"y":11.950862884521485,"z":1.7665481567382813},"rotation":{"x":-0.08120600134134293,"y":0.018534835427999498,"z":-0.001510227913968265,"w":-0.9965238571166992},"size":60.657920837402347,"orthographic":false}