{"cameraMode":{"drawMode":0,"name":"Shaded","section":"Shading Mode"},"sceneLighting":false,"audioPlay":false,"sceneViewState":{"showFog":true,"showMaterialUpdate":false,"showSkybox":true,"showFlares":true,"showImageEffects":true,"showParticleSystems":true},"in2DMode":false,"pivot":{"x":-0.945469856262207,"y":4.684168338775635,"z":0.7235586643218994},"rotation":{"x":0.11970436573028565,"y":0.775461733341217,"z":-0.15461981296539308,"w":0.6003521084785461},"size":18.25730323791504,"orthographic":false}