{"cameraMode":{"drawMode":0,"name":"Shaded","section":"Shading Mode"},"sceneLighting":false,"audioPlay":false,"sceneViewState":{"showFog":true,"showMaterialUpdate":false,"showSkybox":true,"showFlares":true,"showImageEffects":true,"showParticleSystems":true},"in2DMode":false,"pivot":{"x":7.797789573669434,"y":1.9083003997802735,"z":2.688119649887085},"rotation":{"x":-0.20688678324222566,"y":-0.6312675476074219,"z":0.18003033101558686,"w":-0.7254573106765747},"size":27.172910690307618,"orthographic":false}