{"cameraMode":{"drawMode":0,"name":"Shaded","section":"Shading Mode"},"sceneLighting":false,"audioPlay":false,"sceneViewState":{"showFog":true,"showMaterialUpdate":false,"showSkybox":true,"showFlares":true,"showImageEffects":true,"showParticleSystems":true},"in2DMode":false,"pivot":{"x":-25.90508270263672,"y":8.141667366027832,"z":2.3245134353637697},"rotation":{"x":0.07957444339990616,"y":0.8405855894088745,"z":-0.1285984069108963,"w":0.520140528678894},"size":11.162755012512207,"orthographic":false}