{"cameraMode":{"drawMode":0,"name":"Shaded","section":"Shading Mode"},"sceneLighting":false,"audioPlay":false,"sceneViewState":{"showFog":true,"showMaterialUpdate":false,"showSkybox":true,"showFlares":true,"showImageEffects":true,"showParticleSystems":true},"in2DMode":false,"pivot":{"x":-0.0012971553951501847,"y":7.554625034332275,"z":-1.999866008758545},"rotation":{"x":0.0024771844036877157,"y":0.9794304370880127,"z":-0.20140711963176728,"w":0.012048965319991112},"size":61.51669692993164,"orthographic":false}