{"cameraMode":{"drawMode":0,"name":"Shaded","section":"Shading Mode"},"sceneLighting":false,"audioPlay":false,"sceneViewState":{"showFog":true,"showMaterialUpdate":false,"showSkybox":true,"showFlares":true,"showImageEffects":true,"showParticleSystems":true},"in2DMode":false,"pivot":{"x":2.3574295043945314,"y":12.83845329284668,"z":3.0390396118164064},"rotation":{"x":-0.07072668522596359,"y":0.648176908493042,"z":-0.060656603425741199,"w":-0.7557680010795593},"size":95.16956329345703,"orthographic":false}