{"cameraMode":{"drawMode":0,"name":"Shaded","section":"Shading Mode"},"sceneLighting":false,"audioPlay":false,"sceneViewState":{"showFog":true,"showMaterialUpdate":false,"showSkybox":true,"showFlares":true,"showImageEffects":true,"showParticleSystems":true},"in2DMode":false,"pivot":{"x":-0.043508052825927737,"y":4.695262908935547,"z":0.24540996551513673},"rotation":{"x":0.24357537925243379,"y":0.4502602219581604,"z":-0.12914049625396729,"w":0.8492699861526489},"size":30.333101272583009,"orthographic":false}