{"cameraMode":{"drawMode":0,"name":"Shaded","section":"Shading Mode"},"sceneLighting":false,"audioPlay":false,"sceneViewState":{"showFog":true,"showMaterialUpdate":false,"showSkybox":true,"showFlares":true,"showImageEffects":true,"showParticleSystems":true},"in2DMode":false,"pivot":{"x":-0.23316264152526856,"y":-0.21295394003391267,"z":-0.09240725636482239},"rotation":{"x":-0.18342925608158112,"y":-0.41848692297935488,"z":0.08670904487371445,"w":-0.8852705955505371},"size":42.025089263916019,"orthographic":false}