{"cameraMode":{"drawMode":0,"name":"Shaded","section":"Shading Mode"},"sceneLighting":false,"audioPlay":false,"sceneViewState":{"showFog":true,"showMaterialUpdate":false,"showSkybox":true,"showFlares":true,"showImageEffects":true,"showParticleSystems":true},"in2DMode":false,"pivot":{"x":16.531606674194337,"y":6.25685977935791,"z":13.09368896484375},"rotation":{"x":-0.09649759531021118,"y":-0.7635169625282288,"z":0.11580069363117218,"w":-0.6279493570327759},"size":38.78038787841797,"orthographic":false}